Iteration,Basic-Block,in[B],out[B]
0,B0,,
0,B1,,
0,B10,,
0,B100,,
0,B101,,
0,B102,,
0,B103,,
0,B104,,
0,B105,,
0,B106,,D17
0,B107,,
0,B108,,
0,B109,,D18
0,B11,,D1
0,B110,,
0,B111,,
0,B112,,
0,B113,,
0,B114,,
0,B115,,
0,B116,,D19
0,B117,,
0,B118,,
0,B119,,D20
0,B12,,
0,B120,,
0,B121,,
0,B122,,
0,B123,,
0,B124,,
0,B125,,
0,B126,,D21
0,B127,,
0,B128,,
0,B129,,D22
0,B13,,
0,B130,,
0,B131,,
0,B132,,
0,B133,,
0,B134,,
0,B135,,
0,B136,,
0,B137,,
0,B138,,
0,B139,,
0,B14,,
0,B140,,
0,B15,,
0,B16,,
0,B17,,
0,B18,,D2
0,B19,,
0,B2,,
0,B20,,
0,B21,,D3
0,B22,,
0,B23,,
0,B24,,
0,B25,,
0,B26,,
0,B27,,
0,B28,,D4
0,B29,,
0,B3,,
0,B30,,
0,B31,,D5
0,B32,,
0,B33,,
0,B34,,
0,B35,,
0,B36,,
0,B37,,
0,B38,,
0,B39,,
0,B4,,
0,B40,,
0,B41,,
0,B42,,D6
0,B43,,
0,B44,,
0,B45,,D7
0,B46,,
0,B47,,
0,B48,,
0,B49,,
0,B5,,
0,B50,,
0,B51,,
0,B52,,
0,B53,,
0,B54,,
0,B55,,
0,B56,,
0,B57,,
0,B58,,D8
0,B59,,
0,B6,,
0,B60,,
0,B61,,D9
0,B62,,
0,B63,,
0,B64,,
0,B65,,
0,B66,,
0,B67,,
0,B68,,D10
0,B69,,
0,B7,,
0,B70,,
0,B71,,D11
0,B72,,
0,B73,,
0,B74,,
0,B75,,
0,B76,,
0,B77,,
0,B78,,D12
0,B79,,
0,B8,,D0
0,B80,,
0,B81,,D13
0,B82,,
0,B83,,
0,B84,,D14
0,B85,,
0,B86,,
0,B87,,
0,B88,,
0,B89,,
0,B9,,
0,B90,,
0,B91,,
0,B92,,
0,B93,,D15
0,B94,,
0,B95,,
0,B96,,D16
0,B97,,
0,B98,,
0,B99,,
1,B0,,
1,B1,,
1,B10,D0,D0
1,B100,D15 D16,D15 D16
1,B101,D15 D16,D15 D16
1,B102,D15,D15
1,B103,,
1,B104,,
1,B105,,
1,B106,,D17
1,B107,D17,D17
1,B108,D17,D17
1,B109,D17,D17 D18
1,B11,D0,D0 D1
1,B110,D17 D18,D17 D18
1,B111,D17 D18,D17 D18
1,B112,D17 D18,D17 D18
1,B113,D17 D18,D17 D18
1,B114,D17 D18,D17 D18
1,B115,D17,D17
1,B116,D17,D19
1,B117,D19,D19
1,B118,D19,D19
1,B119,D19,D19 D20
1,B12,D0 D1,D0 D1
1,B120,D19 D20,D19 D20
1,B121,D19 D20,D19 D20
1,B122,D19 D20,D19 D20
1,B123,D19 D20,D19 D20
1,B124,D19 D20,D19 D20
1,B125,D19,D19
1,B126,D19,D21
1,B127,D21,D21
1,B128,D21,D21
1,B129,D21,D21 D22
1,B13,D0 D1,D0 D1
1,B130,D21 D22,D21 D22
1,B131,D21 D22,D21 D22
1,B132,D21 D22,D21 D22
1,B133,D21 D22,D21 D22
1,B134,D21 D22,D21 D22
1,B135,D21,D21
1,B136,,
1,B137,D21,D21
1,B138,D15 D21,D15 D21
1,B139,D15 D21 D6,D15 D21 D6
1,B14,D0 D1,D0 D1
1,B140,,
1,B15,D0 D1,D0 D1
1,B16,D0 D1,D0 D1
1,B17,D0,D0
1,B18,D0,D2
1,B19,D2,D2
1,B2,,
1,B20,D2,D2
1,B21,D2,D2 D3
1,B22,D2 D3,D2 D3
1,B23,D2 D3,D2 D3
1,B24,D2 D3,D2 D3
1,B25,D2 D3,D2 D3
1,B26,D2 D3,D2 D3
1,B27,D2,D2
1,B28,D2,D4
1,B29,D4,D4
1,B3,,
1,B30,D4,D4
1,B31,D4,D4 D5
1,B32,D4 D5,D4 D5
1,B33,D4 D5,D4 D5
1,B34,D4 D5,D4 D5
1,B35,D4 D5,D4 D5
1,B36,D4 D5,D4 D5
1,B37,D4 D5,D4 D5
1,B38,D4 D5,D4 D5
1,B39,D4 D5,D4 D5
1,B4,,
1,B40,D4 D5,D4 D5
1,B41,D4,D4
1,B42,D4,D6
1,B43,D6,D6
1,B44,D6,D6
1,B45,D6,D6 D7
1,B46,D6 D7,D6 D7
1,B47,D6 D7,D6 D7
1,B48,D6 D7,D6 D7
1,B49,D6 D7,D6 D7
1,B5,,
1,B50,D6 D7,D6 D7
1,B51,D6,D6
1,B52,,
1,B53,,
1,B54,,
1,B55,,
1,B56,,
1,B57,,
1,B58,,D8
1,B59,D8,D8
1,B6,,
1,B60,D8,D8
1,B61,D8,D8 D9
1,B62,D8 D9,D8 D9
1,B63,D8 D9,D8 D9
1,B64,D8 D9,D8 D9
1,B65,D8 D9,D8 D9
1,B66,D8 D9,D8 D9
1,B67,D8,D8
1,B68,D8,D10
1,B69,D10,D10
1,B7,,
1,B70,D10,D10
1,B71,D10,D10 D11
1,B72,D10 D11,D10 D11
1,B73,D10 D11,D10 D11
1,B74,D10 D11,D10 D11
1,B75,D10 D11,D10 D11
1,B76,D10 D11,D10 D11
1,B77,D10,D10
1,B78,D10,D12
1,B79,D12,D12
1,B8,,D0
1,B80,D12,D12
1,B81,D12,D12 D13
1,B82,D12 D13,D12 D13
1,B83,D12 D13,D12 D13
1,B84,D12 D13,D12 D13 D14
1,B85,D12 D13 D14,D12 D13 D14
1,B86,D12 D13 D14,D12 D13 D14
1,B87,D12 D13 D14,D12 D13 D14
1,B88,D12 D13 D14,D12 D13 D14
1,B89,D12 D13 D14,D12 D13 D14
1,B9,D0,D0
1,B90,D12 D13,D12 D13
1,B91,D12 D13,D12 D13
1,B92,D12,D12
1,B93,D12,D15
1,B94,D15,D15
1,B95,D15,D15
1,B96,D15,D15 D16
1,B97,D15 D16,D15 D16
1,B98,D15 D16,D15 D16
1,B99,D15 D16,D15 D16
2,B0,,
2,B1,D15 D21 D6,D15 D21 D6
2,B10,D0 D1,D0 D1
2,B100,D15 D16,D15 D16
2,B101,D15 D16,D15 D16
2,B102,D11 D13 D15 D16 D9,D11 D13 D15 D16 D9
2,B103,D15 D21 D6,D15 D21 D6
2,B104,D15 D21 D6,D15 D21 D6
2,B105,D15 D21 D6,D15 D21 D6
2,B106,D15 D21 D6,D17
2,B107,D17 D18,D17 D18
2,B108,D17 D18,D17 D18
2,B109,D17 D18,D17 D18
2,B11,D0 D1,D0 D1
2,B110,D17 D18,D17 D18
2,B111,D17 D18,D17 D18
2,B112,D17 D18,D17 D18
2,B113,D17 D18,D17 D18
2,B114,D17 D18,D17 D18
2,B115,D17 D18,D17 D18
2,B116,D17 D18,D18 D19
2,B117,D18 D19 D20,D18 D19 D20
2,B118,D18 D19 D20,D18 D19 D20
2,B119,D18 D19 D20,D19 D20
2,B12,D0 D1,D0 D1
2,B120,D19 D20,D19 D20
2,B121,D19 D20,D19 D20
2,B122,D19 D20,D19 D20
2,B123,D19 D20,D19 D20
2,B124,D19 D20,D19 D20
2,B125,D18 D19 D20,D18 D19 D20
2,B126,D18 D19 D20,D18 D20 D21
2,B127,D18 D20 D21 D22,D18 D20 D21 D22
2,B128,D18 D20 D21 D22,D18 D20 D21 D22
2,B129,D18 D20 D21 D22,D21 D22
2,B13,D0 D1,D0 D1
2,B130,D21 D22,D21 D22
2,B131,D21 D22,D21 D22
2,B132,D21 D22,D21 D22
2,B133,D21 D22,D21 D22
2,B134,D21 D22,D21 D22
2,B135,D18 D20 D21 D22,D18 D20 D21 D22
2,B136,D15 D21 D6,D15 D21 D6
2,B137,D15 D18 D20 D21 D22 D6,D15 D18 D20 D21 D22 D6
2,B138,D11 D13 D15 D16 D18 D20 D21 D22 D6 D9,D11 D13 D15 D16 D18 D20 D21 D22 D6 D9
2,B139,D1 D11 D13 D15 D16 D18 D20 D21 D22 D3 D5 D6 D7 D9,D1 D11 D13 D15 D16 D18 D20 D21 D22 D3 D5 D6 D7 D9
2,B14,D0 D1,D0 D1
2,B140,D15 D21 D6,D15 D21 D6
2,B15,D0 D1,D0 D1
2,B16,D0 D1,D0 D1
2,B17,D0 D1,D0 D1
2,B18,D0 D1,D1 D2
2,B19,D1 D2 D3,D1 D2 D3
2,B2,D15 D21 D6,D15 D21 D6
2,B20,D1 D2 D3,D1 D2 D3
2,B21,D1 D2 D3,D2 D3
2,B22,D2 D3,D2 D3
2,B23,D2 D3,D2 D3
2,B24,D2 D3,D2 D3
2,B25,D2 D3,D2 D3
2,B26,D2 D3,D2 D3
2,B27,D1 D2 D3,D1 D2 D3
2,B28,D1 D2 D3,D1 D3 D4
2,B29,D1 D3 D4 D5,D1 D3 D4 D5
2,B3,D15 D21 D6,D15 D21 D6
2,B30,D1 D3 D4 D5,D1 D3 D4 D5
2,B31,D1 D3 D4 D5,D4 D5
2,B32,D4 D5,D4 D5
2,B33,D4 D5,D4 D5
2,B34,D4 D5,D4 D5
2,B35,D4 D5,D4 D5
2,B36,D4 D5,D4 D5
2,B37,D4 D5,D4 D5
2,B38,D4 D5,D4 D5
2,B39,D4 D5,D4 D5
2,B4,D15 D21 D6,D15 D21 D6
2,B40,D4 D5,D4 D5
2,B41,D1 D3 D4 D5,D1 D3 D4 D5
2,B42,D1 D3 D4 D5,D1 D3 D5 D6
2,B43,D1 D3 D5 D6 D7,D1 D3 D5 D6 D7
2,B44,D1 D3 D5 D6 D7,D1 D3 D5 D6 D7
2,B45,D1 D3 D5 D6 D7,D6 D7
2,B46,D6 D7,D6 D7
2,B47,D6 D7,D6 D7
2,B48,D6 D7,D6 D7
2,B49,D6 D7,D6 D7
2,B5,D15 D21 D6,D15 D21 D6
2,B50,D6 D7,D6 D7
2,B51,D1 D3 D5 D6 D7,D1 D3 D5 D6 D7
2,B52,D15 D21 D6,D15 D21 D6
2,B53,D15 D21 D6,D15 D21 D6
2,B54,D15 D21 D6,D15 D21 D6
2,B55,D15 D21 D6,D15 D21 D6
2,B56,D15 D21 D6,D15 D21 D6
2,B57,D15 D21 D6,D15 D21 D6
2,B58,D15 D21 D6,D8
2,B59,D8 D9,D8 D9
2,B6,D15 D21 D6,D15 D21 D6
2,B60,D8 D9,D8 D9
2,B61,D8 D9,D8 D9
2,B62,D8 D9,D8 D9
2,B63,D8 D9,D8 D9
2,B64,D8 D9,D8 D9
2,B65,D8 D9,D8 D9
2,B66,D8 D9,D8 D9
2,B67,D8 D9,D8 D9
2,B68,D8 D9,D10 D9
2,B69,D10 D11 D9,D10 D11 D9
2,B7,D15 D21 D6,D15 D21 D6
2,B70,D10 D11 D9,D10 D11 D9
2,B71,D10 D11 D9,D10 D11
2,B72,D10 D11,D10 D11
2,B73,D10 D11,D10 D11
2,B74,D10 D11,D10 D11
2,B75,D10 D11,D10 D11
2,B76,D10 D11,D10 D11
2,B77,D10 D11 D9,D10 D11 D9
2,B78,D10 D11 D9,D11 D12 D9
2,B79,D11 D12 D13 D9,D11 D12 D13 D9
2,B8,D15 D21 D6,D0
2,B80,D11 D12 D13 D9,D11 D12 D13 D9
2,B81,D11 D12 D13 D9,D12 D13
2,B82,D12 D13 D14,D12 D13 D14
2,B83,D12 D13 D14,D12 D13 D14
2,B84,D12 D13 D14,D12 D13 D14
2,B85,D12 D13 D14,D12 D13 D14
2,B86,D12 D13 D14,D12 D13 D14
2,B87,D12 D13 D14,D12 D13 D14
2,B88,D12 D13 D14,D12 D13 D14
2,B89,D12 D13 D14,D12 D13 D14
2,B9,D0 D1,D0 D1
2,B90,D12 D13 D14,D12 D13 D14
2,B91,D12 D13 D14,D12 D13 D14
2,B92,D11 D12 D13 D9,D11 D12 D13 D9
2,B93,D11 D12 D13 D9,D11 D13 D15 D9
2,B94,D11 D13 D15 D16 D9,D11 D13 D15 D16 D9
2,B95,D11 D13 D15 D16 D9,D11 D13 D15 D16 D9
2,B96,D11 D13 D15 D16 D9,D15 D16
2,B97,D15 D16,D15 D16
2,B98,D15 D16,D15 D16
2,B99,D15 D16,D15 D16
3,B0,,
3,B1,D1 D11 D13 D15 D16 D18 D20 D21 D22 D3 D5 D6 D7 D9,D1 D11 D13 D15 D16 D18 D20 D21 D22 D3 D5 D6 D7 D9
3,B10,D0 D1 D11 D13 D16 D18 D20 D22 D3 D5 D7 D9,D0 D1 D11 D13 D16 D18 D20 D22 D3 D5 D7 D9
3,B100,D14 D15 D16,D14 D15 D16
3,B101,D14 D15 D16,D14 D15 D16
3,B102,D1 D11 D13 D14 D15 D16 D18 D20 D22 D3 D5 D7 D9,D1 D11 D13 D14 D15 D16 D18 D20 D22 D3 D5 D7 D9
3,B103,D1 D11 D13 D15 D16 D18 D20 D21 D22 D3 D5 D6 D7 D9,D1 D11 D13 D15 D16 D18 D20 D21 D22 D3 D5 D6 D7 D9
3,B104,D1 D11 D13 D15 D16 D18 D20 D21 D22 D3 D5 D6 D7 D9,D1 D11 D13 D15 D16 D18 D20 D21 D22 D3 D5 D6 D7 D9
3,B105,D1 D11 D13 D15 D16 D18 D20 D21 D22 D3 D5 D6 D7 D9,D1 D11 D13 D15 D16 D18 D20 D21 D22 D3 D5 D6 D7 D9
3,B106,D1 D11 D13 D15 D16 D18 D20 D21 D22 D3 D5 D6 D7 D9,D1 D11 D13 D16 D17 D18 D20 D22 D3 D5 D7 D9
3,B107,D1 D11 D13 D16 D17 D18 D20 D22 D3 D5 D7 D9,D1 D11 D13 D16 D17 D18 D20 D22 D3 D5 D7 D9
3,B108,D1 D11 D13 D16 D17 D18 D20 D22 D3 D5 D7 D9,D1 D11 D13 D16 D17 D18 D20 D22 D3 D5 D7 D9
3,B109,D1 D11 D13 D16 D17 D18 D20 D22 D3 D5 D7 D9,D17 D18
3,B11,D0 D1 D11 D13 D16 D18 D20 D22 D3 D5 D7 D9,D0 D1
3,B110,D17 D18,D17 D18
3,B111,D17 D18,D17 D18
3,B112,D17 D18,D17 D18
3,B113,D17 D18,D17 D18
3,B114,D17 D18,D17 D18
3,B115,D1 D11 D13 D16 D17 D18 D20 D22 D3 D5 D7 D9,D1 D11 D13 D16 D17 D18 D20 D22 D3 D5 D7 D9
3,B116,D1 D11 D13 D16 D17 D18 D20 D22 D3 D5 D7 D9,D1 D11 D13 D16 D18 D19 D20 D22 D3 D5 D7 D9
3,B117,D1 D11 D13 D16 D18 D19 D20 D22 D3 D5 D7 D9,D1 D11 D13 D16 D18 D19 D20 D22 D3 D5 D7 D9
3,B118,D1 D11 D13 D16 D18 D19 D20 D22 D3 D5 D7 D9,D1 D11 D13 D16 D18 D19 D20 D22 D3 D5 D7 D9
3,B119,D1 D11 D13 D16 D18 D19 D20 D22 D3 D5 D7 D9,D19 D20
3,B12,D0 D1,D0 D1
3,B120,D19 D20,D19 D20
3,B121,D19 D20,D19 D20
3,B122,D19 D20,D19 D20
3,B123,D19 D20,D19 D20
3,B124,D19 D20,D19 D20
3,B125,D1 D11 D13 D16 D18 D19 D20 D22 D3 D5 D7 D9,D1 D11 D13 D16 D18 D19 D20 D22 D3 D5 D7 D9
3,B126,D1 D11 D13 D16 D18 D19 D20 D22 D3 D5 D7 D9,D1 D11 D13 D16 D18 D20 D21 D22 D3 D5 D7 D9
3,B127,D1 D11 D13 D16 D18 D20 D21 D22 D3 D5 D7 D9,D1 D11 D13 D16 D18 D20 D21 D22 D3 D5 D7 D9
3,B128,D1 D11 D13 D16 D18 D20 D21 D22 D3 D5 D7 D9,D1 D11 D13 D16 D18 D20 D21 D22 D3 D5 D7 D9
3,B129,D1 D11 D13 D16 D18 D20 D21 D22 D3 D5 D7 D9,D21 D22
3,B13,D0 D1,D0 D1
3,B130,D21 D22,D21 D22
3,B131,D21 D22,D21 D22
3,B132,D21 D22,D21 D22
3,B133,D21 D22,D21 D22
3,B134,D21 D22,D21 D22
3,B135,D1 D11 D13 D16 D18 D20 D21 D22 D3 D5 D7 D9,D1 D11 D13 D16 D18 D20 D21 D22 D3 D5 D7 D9
3,B136,D1 D11 D13 D15 D16 D18 D20 D21 D22 D3 D5 D6 D7 D9,D1 D11 D13 D15 D16 D18 D20 D21 D22 D3 D5 D6 D7 D9
3,B137,D1 D11 D13 D15 D16 D18 D20 D21 D22 D3 D5 D6 D7 D9,D1 D11 D13 D15 D16 D18 D20 D21 D22 D3 D5 D6 D7 D9
3,B138,D1 D11 D13 D14 D15 D16 D18 D20 D21 D22 D3 D5 D6 D7 D9,D1 D11 D13 D14 D15 D16 D18 D20 D21 D22 D3 D5 D6 D7 D9
3,B139,D1 D11 D13 D14 D15 D16 D18 D20 D21 D22 D3 D5 D6 D7 D9,D1 D11 D13 D14 D15 D16 D18 D20 D21 D22 D3 D5 D6 D7 D9
3,B14,D0 D1,D0 D1
3,B140,D1 D11 D13 D15 D16 D18 D20 D21 D22 D3 D5 D6 D7 D9,D1 D11 D13 D15 D16 D18 D20 D21 D22 D3 D5 D6 D7 D9
3,B15,D0 D1,D0 D1
3,B16,D0 D1,D0 D1
3,B17,D0 D1 D11 D13 D16 D18 D20 D22 D3 D5 D7 D9,D0 D1 D11 D13 D16 D18 D20 D22 D3 D5 D7 D9
3,B18,D0 D1 D11 D13 D16 D18 D20 D22 D3 D5 D7 D9,D1 D11 D13 D16 D18 D2 D20 D22 D3 D5 D7 D9
3,B19,D1 D11 D13 D16 D18 D2 D20 D22 D3 D5 D7 D9,D1 D11 D13 D16 D18 D2 D20 D22 D3 D5 D7 D9
3,B2,D1 D11 D13 D15 D16 D18 D20 D21 D22 D3 D5 D6 D7 D9,D1 D11 D13 D15 D16 D18 D20 D21 D22 D3 D5 D6 D7 D9
3,B20,D1 D11 D13 D16 D18 D2 D20 D22 D3 D5 D7 D9,D1 D11 D13 D16 D18 D2 D20 D22 D3 D5 D7 D9
3,B21,D1 D11 D13 D16 D18 D2 D20 D22 D3 D5 D7 D9,D2 D3
3,B22,D2 D3,D2 D3
3,B23,D2 D3,D2 D3
3,B24,D2 D3,D2 D3
3,B25,D2 D3,D2 D3
3,B26,D2 D3,D2 D3
3,B27,D1 D11 D13 D16 D18 D2 D20 D22 D3 D5 D7 D9,D1 D11 D13 D16 D18 D2 D20 D22 D3 D5 D7 D9
3,B28,D1 D11 D13 D16 D18 D2 D20 D22 D3 D5 D7 D9,D1 D11 D13 D16 D18 D20 D22 D3 D4 D5 D7 D9
3,B29,D1 D11 D13 D16 D18 D20 D22 D3 D4 D5 D7 D9,D1 D11 D13 D16 D18 D20 D22 D3 D4 D5 D7 D9
3,B3,D1 D11 D13 D15 D16 D18 D20 D21 D22 D3 D5 D6 D7 D9,D1 D11 D13 D15 D16 D18 D20 D21 D22 D3 D5 D6 D7 D9
3,B30,D1 D11 D13 D16 D18 D20 D22 D3 D4 D5 D7 D9,D1 D11 D13 D16 D18 D20 D22 D3 D4 D5 D7 D9
3,B31,D1 D11 D13 D16 D18 D20 D22 D3 D4 D5 D7 D9,D4 D5
3,B32,D4 D5,D4 D5
3,B33,D4 D5,D4 D5
3,B34,D4 D5,D4 D5
3,B35,D4 D5,D4 D5
3,B36,D4 D5,D4 D5
3,B37,D4 D5,D4 D5
3,B38,D4 D5,D4 D5
3,B39,D4 D5,D4 D5
3,B4,D1 D11 D13 D15 D16 D18 D20 D21 D22 D3 D5 D6 D7 D9,D1 D11 D13 D15 D16 D18 D20 D21 D22 D3 D5 D6 D7 D9
3,B40,D4 D5,D4 D5
3,B41,D1 D11 D13 D16 D18 D20 D22 D3 D4 D5 D7 D9,D1 D11 D13 D16 D18 D20 D22 D3 D4 D5 D7 D9
3,B42,D1 D11 D13 D16 D18 D20 D22 D3 D4 D5 D7 D9,D1 D11 D13 D16 D18 D20 D22 D3 D5 D6 D7 D9
3,B43,D1 D11 D13 D16 D18 D20 D22 D3 D5 D6 D7 D9,D1 D11 D13 D16 D18 D20 D22 D3 D5 D6 D7 D9
3,B44,D1 D11 D13 D16 D18 D20 D22 D3 D5 D6 D7 D9,D1 D11 D13 D16 D18 D20 D22 D3 D5 D6 D7 D9
3,B45,D1 D11 D13 D16 D18 D20 D22 D3 D5 D6 D7 D9,D6 D7
3,B46,D6 D7,D6 D7
3,B47,D6 D7,D6 D7
3,B48,D6 D7,D6 D7
3,B49,D6 D7,D6 D7
3,B5,D1 D11 D13 D15 D16 D18 D20 D21 D22 D3 D5 D6 D7 D9,D1 D11 D13 D15 D16 D18 D20 D21 D22 D3 D5 D6 D7 D9
3,B50,D6 D7,D6 D7
3,B51,D1 D11 D13 D16 D18 D20 D22 D3 D5 D6 D7 D9,D1 D11 D13 D16 D18 D20 D22 D3 D5 D6 D7 D9
3,B52,D1 D11 D13 D15 D16 D18 D20 D21 D22 D3 D5 D6 D7 D9,D1 D11 D13 D15 D16 D18 D20 D21 D22 D3 D5 D6 D7 D9
3,B53,D1 D11 D13 D15 D16 D18 D20 D21 D22 D3 D5 D6 D7 D9,D1 D11 D13 D15 D16 D18 D20 D21 D22 D3 D5 D6 D7 D9
3,B54,D1 D11 D13 D15 D16 D18 D20 D21 D22 D3 D5 D6 D7 D9,D1 D11 D13 D15 D16 D18 D20 D21 D22 D3 D5 D6 D7 D9
3,B55,D1 D11 D13 D15 D16 D18 D20 D21 D22 D3 D5 D6 D7 D9,D1 D11 D13 D15 D16 D18 D20 D21 D22 D3 D5 D6 D7 D9
3,B56,D1 D11 D13 D15 D16 D18 D20 D21 D22 D3 D5 D6 D7 D9,D1 D11 D13 D15 D16 D18 D20 D21 D22 D3 D5 D6 D7 D9
3,B57,D1 D11 D13 D15 D16 D18 D20 D21 D22 D3 D5 D6 D7 D9,D1 D11 D13 D15 D16 D18 D20 D21 D22 D3 D5 D6 D7 D9
3,B58,D1 D11 D13 D15 D16 D18 D20 D21 D22 D3 D5 D6 D7 D9,D1 D11 D13 D16 D18 D20 D22 D3 D5 D7 D8 D9
3,B59,D1 D11 D13 D16 D18 D20 D22 D3 D5 D7 D8 D9,D1 D11 D13 D16 D18 D20 D22 D3 D5 D7 D8 D9
3,B6,D1 D11 D13 D15 D16 D18 D20 D21 D22 D3 D5 D6 D7 D9,D1 D11 D13 D15 D16 D18 D20 D21 D22 D3 D5 D6 D7 D9
3,B60,D1 D11 D13 D16 D18 D20 D22 D3 D5 D7 D8 D9,D1 D11 D13 D16 D18 D20 D22 D3 D5 D7 D8 D9
3,B61,D1 D11 D13 D16 D18 D20 D22 D3 D5 D7 D8 D9,D8 D9
3,B62,D8 D9,D8 D9
3,B63,D8 D9,D8 D9
3,B64,D8 D9,D8 D9
3,B65,D8 D9,D8 D9
3,B66,D8 D9,D8 D9
3,B67,D1 D11 D13 D16 D18 D20 D22 D3 D5 D7 D8 D9,D1 D11 D13 D16 D18 D20 D22 D3 D5 D7 D8 D9
3,B68,D1 D11 D13 D16 D18 D20 D22 D3 D5 D7 D8 D9,D1 D10 D11 D13 D16 D18 D20 D22 D3 D5 D7 D9
3,B69,D1 D10 D11 D13 D16 D18 D20 D22 D3 D5 D7 D9,D1 D10 D11 D13 D16 D18 D20 D22 D3 D5 D7 D9
3,B7,D1 D11 D13 D15 D16 D18 D20 D21 D22 D3 D5 D6 D7 D9,D1 D11 D13 D15 D16 D18 D20 D21 D22 D3 D5 D6 D7 D9
3,B70,D1 D10 D11 D13 D16 D18 D20 D22 D3 D5 D7 D9,D1 D10 D11 D13 D16 D18 D20 D22 D3 D5 D7 D9
3,B71,D1 D10 D11 D13 D16 D18 D20 D22 D3 D5 D7 D9,D10 D11
3,B72,D10 D11,D10 D11
3,B73,D10 D11,D10 D11
3,B74,D10 D11,D10 D11
3,B75,D10 D11,D10 D11
3,B76,D10 D11,D10 D11
3,B77,D1 D10 D11 D13 D16 D18 D20 D22 D3 D5 D7 D9,D1 D10 D11 D13 D16 D18 D20 D22 D3 D5 D7 D9
3,B78,D1 D10 D11 D13 D16 D18 D20 D22 D3 D5 D7 D9,D1 D11 D12 D13 D16 D18 D20 D22 D3 D5 D7 D9
3,B79,D1 D11 D12 D13 D14 D16 D18 D20 D22 D3 D5 D7 D9,D1 D11 D12 D13 D14 D16 D18 D20 D22 D3 D5 D7 D9
3,B8,D1 D11 D13 D15 D16 D18 D20 D21 D22 D3 D5 D6 D7 D9,D0 D1 D11 D13 D16 D18 D20 D22 D3 D5 D7 D9
3,B80,D1 D11 D12 D13 D14 D16 D18 D20 D22 D3 D5 D7 D9,D1 D11 D12 D13 D14 D16 D18 D20 D22 D3 D5 D7 D9
3,B81,D1 D11 D12 D13 D14 D16 D18 D20 D22 D3 D5 D7 D9,D12 D13 D14
3,B82,D12 D13 D14,D12 D13 D14
3,B83,D12 D13 D14,D12 D13 D14
3,B84,D12 D13 D14,D12 D13 D14
3,B85,D12 D13 D14,D12 D13 D14
3,B86,D12 D13 D14,D12 D13 D14
3,B87,D12 D13 D14,D12 D13 D14
3,B88,D12 D13 D14,D12 D13 D14
3,B89,D12 D13 D14,D12 D13 D14
3,B9,D0 D1 D11 D13 D16 D18 D20 D22 D3 D5 D7 D9,D0 D1 D11 D13 D16 D18 D20 D22 D3 D5 D7 D9
3,B90,D12 D13 D14,D12 D13 D14
3,B91,D12 D13 D14,D12 D13 D14
3,B92,D1 D11 D12 D13 D14 D16 D18 D20 D22 D3 D5 D7 D9,D1 D11 D12 D13 D14 D16 D18 D20 D22 D3 D5 D7 D9
3,B93,D1 D11 D12 D13 D14 D16 D18 D20 D22 D3 D5 D7 D9,D1 D11 D13 D14 D15 D16 D18 D20 D22 D3 D5 D7 D9
3,B94,D1 D11 D13 D14 D15 D16 D18 D20 D22 D3 D5 D7 D9,D1 D11 D13 D14 D15 D16 D18 D20 D22 D3 D5 D7 D9
3,B95,D1 D11 D13 D14 D15 D16 D18 D20 D22 D3 D5 D7 D9,D1 D11 D13 D14 D15 D16 D18 D20 D22 D3 D5 D7 D9
3,B96,D1 D11 D13 D14 D15 D16 D18 D20 D22 D3 D5 D7 D9,D14 D15 D16
3,B97,D14 D15 D16,D14 D15 D16
3,B98,D14 D15 D16,D14 D15 D16
3,B99,D14 D15 D16,D14 D15 D16
4,B0,,
4,B1,D1 D11 D13 D14 D15 D16 D18 D20 D21 D22 D3 D5 D6 D7 D9,D1 D11 D13 D14 D15 D16 D18 D20 D21 D22 D3 D5 D6 D7 D9
4,B10,D0 D1 D11 D13 D14 D16 D18 D20 D22 D3 D5 D7 D9,D0 D1 D11 D13 D14 D16 D18 D20 D22 D3 D5 D7 D9
4,B100,D14 D15 D16,D14 D15 D16
4,B101,D14 D15 D16,D14 D15 D16
4,B102,D1 D11 D13 D14 D15 D16 D18 D20 D22 D3 D5 D7 D9,D1 D11 D13 D14 D15 D16 D18 D20 D22 D3 D5 D7 D9
4,B103,D1 D11 D13 D14 D15 D16 D18 D20 D21 D22 D3 D5 D6 D7 D9,D1 D11 D13 D14 D15 D16 D18 D20 D21 D22 D3 D5 D6 D7 D9
4,B104,D1 D11 D13 D14 D15 D16 D18 D20 D21 D22 D3 D5 D6 D7 D9,D1 D11 D13 D14 D15 D16 D18 D20 D21 D22 D3 D5 D6 D7 D9
4,B105,D1 D11 D13 D14 D15 D16 D18 D20 D21 D22 D3 D5 D6 D7 D9,D1 D11 D13 D14 D15 D16 D18 D20 D21 D22 D3 D5 D6 D7 D9
4,B106,D1 D11 D13 D14 D15 D16 D18 D20 D21 D22 D3 D5 D6 D7 D9,D1 D11 D13 D14 D16 D17 D18 D20 D22 D3 D5 D7 D9
4,B107,D1 D11 D13 D14 D16 D17 D18 D20 D22 D3 D5 D7 D9,D1 D11 D13 D14 D16 D17 D18 D20 D22 D3 D5 D7 D9
4,B108,D1 D11 D13 D14 D16 D17 D18 D20 D22 D3 D5 D7 D9,D1 D11 D13 D14 D16 D17 D18 D20 D22 D3 D5 D7 D9
4,B109,D1 D11 D13 D14 D16 D17 D18 D20 D22 D3 D5 D7 D9,D14 D17 D18
4,B11,D0 D1 D11 D13 D14 D16 D18 D20 D22 D3 D5 D7 D9,D0 D1 D14
4,B110,D14 D17 D18,D14 D17 D18
4,B111,D14 D17 D18,D14 D17 D18
4,B112,D14 D17 D18,D14 D17 D18
4,B113,D14 D17 D18,D14 D17 D18
4,B114,D14 D17 D18,D14 D17 D18
4,B115,D1 D11 D13 D14 D16 D17 D18 D20 D22 D3 D5 D7 D9,D1 D11 D13 D14 D16 D17 D18 D20 D22 D3 D5 D7 D9
4,B116,D1 D11 D13 D14 D16 D17 D18 D20 D22 D3 D5 D7 D9,D1 D11 D13 D14 D16 D18 D19 D20 D22 D3 D5 D7 D9
4,B117,D1 D11 D13 D14 D16 D18 D19 D20 D22 D3 D5 D7 D9,D1 D11 D13 D14 D16 D18 D19 D20 D22 D3 D5 D7 D9
4,B118,D1 D11 D13 D14 D16 D18 D19 D20 D22 D3 D5 D7 D9,D1 D11 D13 D14 D16 D18 D19 D20 D22 D3 D5 D7 D9
4,B119,D1 D11 D13 D14 D16 D18 D19 D20 D22 D3 D5 D7 D9,D14 D19 D20
4,B12,D0 D1 D14,D0 D1 D14
4,B120,D14 D19 D20,D14 D19 D20
4,B121,D14 D19 D20,D14 D19 D20
4,B122,D14 D19 D20,D14 D19 D20
4,B123,D14 D19 D20,D14 D19 D20
4,B124,D14 D19 D20,D14 D19 D20
4,B125,D1 D11 D13 D14 D16 D18 D19 D20 D22 D3 D5 D7 D9,D1 D11 D13 D14 D16 D18 D19 D20 D22 D3 D5 D7 D9
4,B126,D1 D11 D13 D14 D16 D18 D19 D20 D22 D3 D5 D7 D9,D1 D11 D13 D14 D16 D18 D20 D21 D22 D3 D5 D7 D9
4,B127,D1 D11 D13 D14 D16 D18 D20 D21 D22 D3 D5 D7 D9,D1 D11 D13 D14 D16 D18 D20 D21 D22 D3 D5 D7 D9
4,B128,D1 D11 D13 D14 D16 D18 D20 D21 D22 D3 D5 D7 D9,D1 D11 D13 D14 D16 D18 D20 D21 D22 D3 D5 D7 D9
4,B129,D1 D11 D13 D14 D16 D18 D20 D21 D22 D3 D5 D7 D9,D14 D21 D22
4,B13,D0 D1 D14,D0 D1 D14
4,B130,D14 D21 D22,D14 D21 D22
4,B131,D14 D21 D22,D14 D21 D22
4,B132,D14 D21 D22,D14 D21 D22
4,B133,D14 D21 D22,D14 D21 D22
4,B134,D14 D21 D22,D14 D21 D22
4,B135,D1 D11 D13 D14 D16 D18 D20 D21 D22 D3 D5 D7 D9,D1 D11 D13 D14 D16 D18 D20 D21 D22 D3 D5 D7 D9
4,B136,D1 D11 D13 D14 D15 D16 D18 D20 D21 D22 D3 D5 D6 D7 D9,D1 D11 D13 D14 D15 D16 D18 D20 D21 D22 D3 D5 D6 D7 D9
4,B137,D1 D11 D13 D14 D15 D16 D18 D20 D21 D22 D3 D5 D6 D7 D9,D1 D11 D13 D14 D15 D16 D18 D20 D21 D22 D3 D5 D6 D7 D9
4,B138,D1 D11 D13 D14 D15 D16 D18 D20 D21 D22 D3 D5 D6 D7 D9,D1 D11 D13 D14 D15 D16 D18 D20 D21 D22 D3 D5 D6 D7 D9
4,B139,D1 D11 D13 D14 D15 D16 D18 D20 D21 D22 D3 D5 D6 D7 D9,D1 D11 D13 D14 D15 D16 D18 D20 D21 D22 D3 D5 D6 D7 D9
4,B14,D0 D1 D14,D0 D1 D14
4,B140,D1 D11 D13 D14 D15 D16 D18 D20 D21 D22 D3 D5 D6 D7 D9,D1 D11 D13 D14 D15 D16 D18 D20 D21 D22 D3 D5 D6 D7 D9
4,B15,D0 D1 D14,D0 D1 D14
4,B16,D0 D1 D14,D0 D1 D14
4,B17,D0 D1 D11 D13 D14 D16 D18 D20 D22 D3 D5 D7 D9,D0 D1 D11 D13 D14 D16 D18 D20 D22 D3 D5 D7 D9
4,B18,D0 D1 D11 D13 D14 D16 D18 D20 D22 D3 D5 D7 D9,D1 D11 D13 D14 D16 D18 D2 D20 D22 D3 D5 D7 D9
4,B19,D1 D11 D13 D14 D16 D18 D2 D20 D22 D3 D5 D7 D9,D1 D11 D13 D14 D16 D18 D2 D20 D22 D3 D5 D7 D9
4,B2,D1 D11 D13 D14 D15 D16 D18 D20 D21 D22 D3 D5 D6 D7 D9,D1 D11 D13 D14 D15 D16 D18 D20 D21 D22 D3 D5 D6 D7 D9
4,B20,D1 D11 D13 D14 D16 D18 D2 D20 D22 D3 D5 D7 D9,D1 D11 D13 D14 D16 D18 D2 D20 D22 D3 D5 D7 D9
4,B21,D1 D11 D13 D14 D16 D18 D2 D20 D22 D3 D5 D7 D9,D14 D2 D3
4,B22,D14 D2 D3,D14 D2 D3
4,B23,D14 D2 D3,D14 D2 D3
4,B24,D14 D2 D3,D14 D2 D3
4,B25,D14 D2 D3,D14 D2 D3
4,B26,D14 D2 D3,D14 D2 D3
4,B27,D1 D11 D13 D14 D16 D18 D2 D20 D22 D3 D5 D7 D9,D1 D11 D13 D14 D16 D18 D2 D20 D22 D3 D5 D7 D9
4,B28,D1 D11 D13 D14 D16 D18 D2 D20 D22 D3 D5 D7 D9,D1 D11 D13 D14 D16 D18 D20 D22 D3 D4 D5 D7 D9
4,B29,D1 D11 D13 D14 D16 D18 D20 D22 D3 D4 D5 D7 D9,D1 D11 D13 D14 D16 D18 D20 D22 D3 D4 D5 D7 D9
4,B3,D1 D11 D13 D14 D15 D16 D18 D20 D21 D22 D3 D5 D6 D7 D9,D1 D11 D13 D14 D15 D16 D18 D20 D21 D22 D3 D5 D6 D7 D9
4,B30,D1 D11 D13 D14 D16 D18 D20 D22 D3 D4 D5 D7 D9,D1 D11 D13 D14 D16 D18 D20 D22 D3 D4 D5 D7 D9
4,B31,D1 D11 D13 D14 D16 D18 D20 D22 D3 D4 D5 D7 D9,D14 D4 D5
4,B32,D14 D4 D5,D14 D4 D5
4,B33,D14 D4 D5,D14 D4 D5
4,B34,D14 D4 D5,D14 D4 D5
4,B35,D14 D4 D5,D14 D4 D5
4,B36,D14 D4 D5,D14 D4 D5
4,B37,D14 D4 D5,D14 D4 D5
4,B38,D14 D4 D5,D14 D4 D5
4,B39,D14 D4 D5,D14 D4 D5
4,B4,D1 D11 D13 D14 D15 D16 D18 D20 D21 D22 D3 D5 D6 D7 D9,D1 D11 D13 D14 D15 D16 D18 D20 D21 D22 D3 D5 D6 D7 D9
4,B40,D14 D4 D5,D14 D4 D5
4,B41,D1 D11 D13 D14 D16 D18 D20 D22 D3 D4 D5 D7 D9,D1 D11 D13 D14 D16 D18 D20 D22 D3 D4 D5 D7 D9
4,B42,D1 D11 D13 D14 D16 D18 D20 D22 D3 D4 D5 D7 D9,D1 D11 D13 D14 D16 D18 D20 D22 D3 D5 D6 D7 D9
4,B43,D1 D11 D13 D14 D16 D18 D20 D22 D3 D5 D6 D7 D9,D1 D11 D13 D14 D16 D18 D20 D22 D3 D5 D6 D7 D9
4,B44,D1 D11 D13 D14 D16 D18 D20 D22 D3 D5 D6 D7 D9,D1 D11 D13 D14 D16 D18 D20 D22 D3 D5 D6 D7 D9
4,B45,D1 D11 D13 D14 D16 D18 D20 D22 D3 D5 D6 D7 D9,D14 D6 D7
4,B46,D14 D6 D7,D14 D6 D7
4,B47,D14 D6 D7,D14 D6 D7
4,B48,D14 D6 D7,D14 D6 D7
4,B49,D14 D6 D7,D14 D6 D7
4,B5,D1 D11 D13 D14 D15 D16 D18 D20 D21 D22 D3 D5 D6 D7 D9,D1 D11 D13 D14 D15 D16 D18 D20 D21 D22 D3 D5 D6 D7 D9
4,B50,D14 D6 D7,D14 D6 D7
4,B51,D1 D11 D13 D14 D16 D18 D20 D22 D3 D5 D6 D7 D9,D1 D11 D13 D14 D16 D18 D20 D22 D3 D5 D6 D7 D9
4,B52,D1 D11 D13 D14 D15 D16 D18 D20 D21 D22 D3 D5 D6 D7 D9,D1 D11 D13 D14 D15 D16 D18 D20 D21 D22 D3 D5 D6 D7 D9
4,B53,D1 D11 D13 D14 D15 D16 D18 D20 D21 D22 D3 D5 D6 D7 D9,D1 D11 D13 D14 D15 D16 D18 D20 D21 D22 D3 D5 D6 D7 D9
4,B54,D1 D11 D13 D14 D15 D16 D18 D20 D21 D22 D3 D5 D6 D7 D9,D1 D11 D13 D14 D15 D16 D18 D20 D21 D22 D3 D5 D6 D7 D9
4,B55,D1 D11 D13 D14 D15 D16 D18 D20 D21 D22 D3 D5 D6 D7 D9,D1 D11 D13 D14 D15 D16 D18 D20 D21 D22 D3 D5 D6 D7 D9
4,B56,D1 D11 D13 D14 D15 D16 D18 D20 D21 D22 D3 D5 D6 D7 D9,D1 D11 D13 D14 D15 D16 D18 D20 D21 D22 D3 D5 D6 D7 D9
4,B57,D1 D11 D13 D14 D15 D16 D18 D20 D21 D22 D3 D5 D6 D7 D9,D1 D11 D13 D14 D15 D16 D18 D20 D21 D22 D3 D5 D6 D7 D9
4,B58,D1 D11 D13 D14 D15 D16 D18 D20 D21 D22 D3 D5 D6 D7 D9,D1 D11 D13 D14 D16 D18 D20 D22 D3 D5 D7 D8 D9
4,B59,D1 D11 D13 D14 D16 D18 D20 D22 D3 D5 D7 D8 D9,D1 D11 D13 D14 D16 D18 D20 D22 D3 D5 D7 D8 D9
4,B6,D1 D11 D13 D14 D15 D16 D18 D20 D21 D22 D3 D5 D6 D7 D9,D1 D11 D13 D14 D15 D16 D18 D20 D21 D22 D3 D5 D6 D7 D9
4,B60,D1 D11 D13 D14 D16 D18 D20 D22 D3 D5 D7 D8 D9,D1 D11 D13 D14 D16 D18 D20 D22 D3 D5 D7 D8 D9
4,B61,D1 D11 D13 D14 D16 D18 D20 D22 D3 D5 D7 D8 D9,D14 D8 D9
4,B62,D14 D8 D9,D14 D8 D9
4,B63,D14 D8 D9,D14 D8 D9
4,B64,D14 D8 D9,D14 D8 D9
4,B65,D14 D8 D9,D14 D8 D9
4,B66,D14 D8 D9,D14 D8 D9
4,B67,D1 D11 D13 D14 D16 D18 D20 D22 D3 D5 D7 D8 D9,D1 D11 D13 D14 D16 D18 D20 D22 D3 D5 D7 D8 D9
4,B68,D1 D11 D13 D14 D16 D18 D20 D22 D3 D5 D7 D8 D9,D1 D10 D11 D13 D14 D16 D18 D20 D22 D3 D5 D7 D9
4,B69,D1 D10 D11 D13 D14 D16 D18 D20 D22 D3 D5 D7 D9,D1 D10 D11 D13 D14 D16 D18 D20 D22 D3 D5 D7 D9
4,B7,D1 D11 D13 D14 D15 D16 D18 D20 D21 D22 D3 D5 D6 D7 D9,D1 D11 D13 D14 D15 D16 D18 D20 D21 D22 D3 D5 D6 D7 D9
4,B70,D1 D10 D11 D13 D14 D16 D18 D20 D22 D3 D5 D7 D9,D1 D10 D11 D13 D14 D16 D18 D20 D22 D3 D5 D7 D9
4,B71,D1 D10 D11 D13 D14 D16 D18 D20 D22 D3 D5 D7 D9,D10 D11 D14
4,B72,D10 D11 D14,D10 D11 D14
4,B73,D10 D11 D14,D10 D11 D14
4,B74,D10 D11 D14,D10 D11 D14
4,B75,D10 D11 D14,D10 D11 D14
4,B76,D10 D11 D14,D10 D11 D14
4,B77,D1 D10 D11 D13 D14 D16 D18 D20 D22 D3 D5 D7 D9,D1 D10 D11 D13 D14 D16 D18 D20 D22 D3 D5 D7 D9
4,B78,D1 D10 D11 D13 D14 D16 D18 D20 D22 D3 D5 D7 D9,D1 D11 D12 D13 D14 D16 D18 D20 D22 D3 D5 D7 D9
4,B79,D1 D11 D12 D13 D14 D16 D18 D20 D22 D3 D5 D7 D9,D1 D11 D12 D13 D14 D16 D18 D20 D22 D3 D5 D7 D9
4,B8,D1 D11 D13 D14 D15 D16 D18 D20 D21 D22 D3 D5 D6 D7 D9,D0 D1 D11 D13 D14 D16 D18 D20 D22 D3 D5 D7 D9
4,B80,D1 D11 D12 D13 D14 D16 D18 D20 D22 D3 D5 D7 D9,D1 D11 D12 D13 D14 D16 D18 D20 D22 D3 D5 D7 D9
4,B81,D1 D11 D12 D13 D14 D16 D18 D20 D22 D3 D5 D7 D9,D12 D13 D14
4,B82,D12 D13 D14,D12 D13 D14
4,B83,D12 D13 D14,D12 D13 D14
4,B84,D12 D13 D14,D12 D13 D14
4,B85,D12 D13 D14,D12 D13 D14
4,B86,D12 D13 D14,D12 D13 D14
4,B87,D12 D13 D14,D12 D13 D14
4,B88,D12 D13 D14,D12 D13 D14
4,B89,D12 D13 D14,D12 D13 D14
4,B9,D0 D1 D11 D13 D14 D16 D18 D20 D22 D3 D5 D7 D9,D0 D1 D11 D13 D14 D16 D18 D20 D22 D3 D5 D7 D9
4,B90,D12 D13 D14,D12 D13 D14
4,B91,D12 D13 D14,D12 D13 D14
4,B92,D1 D11 D12 D13 D14 D16 D18 D20 D22 D3 D5 D7 D9,D1 D11 D12 D13 D14 D16 D18 D20 D22 D3 D5 D7 D9
4,B93,D1 D11 D12 D13 D14 D16 D18 D20 D22 D3 D5 D7 D9,D1 D11 D13 D14 D15 D16 D18 D20 D22 D3 D5 D7 D9
4,B94,D1 D11 D13 D14 D15 D16 D18 D20 D22 D3 D5 D7 D9,D1 D11 D13 D14 D15 D16 D18 D20 D22 D3 D5 D7 D9
4,B95,D1 D11 D13 D14 D15 D16 D18 D20 D22 D3 D5 D7 D9,D1 D11 D13 D14 D15 D16 D18 D20 D22 D3 D5 D7 D9
4,B96,D1 D11 D13 D14 D15 D16 D18 D20 D22 D3 D5 D7 D9,D14 D15 D16
4,B97,D14 D15 D16,D14 D15 D16
4,B98,D14 D15 D16,D14 D15 D16
4,B99,D14 D15 D16,D14 D15 D16