Basic-Block,gen[B],kill[B]
B0,,
B1,,
B10,,
B100,,
B101,,
B102,,
B103,,
B104,,
B105,,
B106,D17,D0 D10 D12 D15 D19 D2 D21 D4 D6 D8
B107,,
B108,,
B109,D18,D1 D11 D13 D16 D20 D22 D3 D5 D7 D9
B11,D1,D11 D13 D16 D18 D20 D22 D3 D5 D7 D9
B110,,
B111,,
B112,,
B113,,
B114,,
B115,,
B116,D19,D0 D10 D12 D15 D17 D2 D21 D4 D6 D8
B117,,
B118,,
B119,D20,D1 D11 D13 D16 D18 D22 D3 D5 D7 D9
B12,,
B120,,
B121,,
B122,,
B123,,
B124,,
B125,,
B126,D21,D0 D10 D12 D15 D17 D19 D2 D4 D6 D8
B127,,
B128,,
B129,D22,D1 D11 D13 D16 D18 D20 D3 D5 D7 D9
B13,,
B130,,
B131,,
B132,,
B133,,
B134,,
B135,,
B136,,
B137,,
B138,,
B139,,
B14,,
B140,,
B15,,
B16,,
B17,,
B18,D2,D0 D10 D12 D15 D17 D19 D21 D4 D6 D8
B19,,
B2,,
B20,,
B21,D3,D1 D11 D13 D16 D18 D20 D22 D5 D7 D9
B22,,
B23,,
B24,,
B25,,
B26,,
B27,,
B28,D4,D0 D10 D12 D15 D17 D19 D2 D21 D6 D8
B29,,
B3,,
B30,,
B31,D5,D1 D11 D13 D16 D18 D20 D22 D3 D7 D9
B32,,
B33,,
B34,,
B35,,
B36,,
B37,,
B38,,
B39,,
B4,,
B40,,
B41,,
B42,D6,D0 D10 D12 D15 D17 D19 D2 D21 D4 D8
B43,,
B44,,
B45,D7,D1 D11 D13 D16 D18 D20 D22 D3 D5 D9
B46,,
B47,,
B48,,
B49,,
B5,,
B50,,
B51,,
B52,,
B53,,
B54,,
B55,,
B56,,
B57,,
B58,D8,D0 D10 D12 D15 D17 D19 D2 D21 D4 D6
B59,,
B6,,
B60,,
B61,D9,D1 D11 D13 D16 D18 D20 D22 D3 D5 D7
B62,,
B63,,
B64,,
B65,,
B66,,
B67,,
B68,D10,D0 D12 D15 D17 D19 D2 D21 D4 D6 D8
B69,,
B7,,
B70,,
B71,D11,D1 D13 D16 D18 D20 D22 D3 D5 D7 D9
B72,,
B73,,
B74,,
B75,,
B76,,
B77,,
B78,D12,D0 D10 D15 D17 D19 D2 D21 D4 D6 D8
B79,,
B8,D0,D10 D12 D15 D17 D19 D2 D21 D4 D6 D8
B80,,
B81,D13,D1 D11 D16 D18 D20 D22 D3 D5 D7 D9
B82,,
B83,,
B84,D14,
B85,,
B86,,
B87,,
B88,,
B89,,
B9,,
B90,,
B91,,
B92,,
B93,D15,D0 D10 D12 D17 D19 D2 D21 D4 D6 D8
B94,,
B95,,
B96,D16,D1 D11 D13 D18 D20 D22 D3 D5 D7 D9
B97,,
B98,,
B99,,